{"cameraMode":{"drawMode":0,"name":"Shaded","section":"Shading Mode"},"sceneLighting":true,"audioPlay":false,"sceneViewState":{"showFog":true,"showMaterialUpdate":false,"showSkybox":true,"showFlares":true,"showImageEffects":true,"showParticleSystems":true},"in2DMode":false,"pivot":{"x":-11.079367637634278,"y":-6.388901710510254,"z":1.9429997205734254},"rotation":{"x":-0.1899322122335434,"y":0.6773825287818909,"z":-0.18773001432418824,"w":-0.685556948184967},"size":7.488450050354004,"orthographic":false}