{"cameraMode":{"drawMode":0,"name":"Shaded","section":"Shading Mode"},"sceneLighting":true,"audioPlay":false,"sceneViewState":{"showFog":true,"showMaterialUpdate":false,"showSkybox":false,"showFlares":true,"showImageEffects":true,"showParticleSystems":true},"in2DMode":false,"pivot":{"x":1.7730185985565186,"y":0.7286531925201416,"z":1.8571308851242066},"rotation":{"x":-0.3628776967525482,"y":0.37248075008392336,"z":-0.16123366355895997,"w":-0.8388733863830566},"size":1.3389613628387452,"orthographic":false}